aarya,devang,aarya@gmail.com,aary,21,kit,kolhapur
aadya,123,aadya@gmail.com,aadu,11,whitefield,bengaluru
ashwini,abhi,ashwiniwangikar@gmail.com,aashu,35,medical coolege,miraj
abhi,aashu,abhi@gmail.com,ab,40,vivekanand,bengaluru
devang,cet123,devang@gmail.com,deu,19,coep,kolhapur
shri,abc456,shri@gmail.com,shri,21,kit,kolhapur
aditi,kavade,aditi@gmail.com,ad,21,kit,kolhapur
samartha,patil,samartha@gmail.com,sm,21,kit,kolhapur
pratham,kumbhar,pra@gmail.com,pr,21,kit,kolhapur
